id;name;description;created_by;created_on;modified_by;modified_on
1;Checking Account;../fake-data/blob/hipster.txt;Rand pink open-source;2020-07-14T21:18:45;hacking;2020-07-14T16:00:26
2;Cameroon;../fake-data/blob/hipster.txt;connecting navigate payment;2020-07-14T16:09:10;Orchestrator back-end Clothing;2020-07-14T10:19:44
3;global;../fake-data/blob/hipster.txt;parsing;2020-07-14T23:57:09;programming;2020-07-15T09:30:32
4;projection;../fake-data/blob/hipster.txt;Handcrafted;2020-07-14T11:30:49;tan Dominican Republic cultivate;2020-07-15T06:08:42
5;Checking Account scalable;../fake-data/blob/hipster.txt;Credit Card Account;2020-07-14T13:00:14;violet;2020-07-14T16:33:40
6;Rustic Cotton Soap Books;../fake-data/blob/hipster.txt;Arkansas Slovenia;2020-07-15T05:02:50;Legacy;2020-07-14T13:18:46
7;benchmark;../fake-data/blob/hipster.txt;Awesome payment;2020-07-14T19:20:54;Gorgeous Jewelery architect;2020-07-14T18:21:59
8;Auto Loan Account calculate Handcrafted;../fake-data/blob/hipster.txt;one-to-one;2020-07-14T13:30:01;card Lead;2020-07-14T14:06:39
9;indigo;../fake-data/blob/hipster.txt;back-end interactive;2020-07-14T12:15:14;Small Metal Soap internet solution;2020-07-14T15:59:34
10;Illinois New Hampshire;../fake-data/blob/hipster.txt;neural Soft;2020-07-15T04:13:27;Savings Account Croatian Kuna open-source;2020-07-15T04:12:51
